elapsed_time,power,smooth_power
0 days 00:00:00,0.0,406.7142857142857
0 days 00:00:01,0.0,395.53333333333336
0 days 00:00:21,0,382.0
0 days 00:00:22,813.0,378.05882352941177
0 days 00:00:23,547.0,376.94444444444446
0 days 00:00:24,511.0,367.89473684210526
0 days 00:00:25,479.0,358.55
0 days 00:00:26,445.0,349.04761904761904
0 days 00:00:27,573.0,339.72727272727275
0 days 00:00:28,506.0,331.2173913043478
0 days 00:00:29,496.0,323.4166666666667
0 days 00:00:30,440.0,310.48
0 days 00:00:31,391.0,298.53846153846155
0 days 00:00:32,292.0,287.48148148148147
0 days 00:00:33,201.0,280.32142857142856
0 days 00:00:34,239.0,279.0689655172414
0 days 00:00:35,179.0,282.2758620689655
0 days 00:00:36,315.0,282.7931034482759
0 days 00:00:37,358.0,273.56666666666666
0 days 00:00:38,205.0,246.66666666666666
0 days 00:00:39,181.0,228.66666666666666
0 days 00:00:40,159.0,214.86666666666667
0 days 00:00:41,144.0,209.03333333333333
0 days 00:00:42,144.0,205.83333333333334
0 days 00:00:43,144.0,196.53333333333333
0 days 00:00:44,0.0,187.06666666666666
0 days 00:00:45,0.0,174.4
0 days 00:00:46,0.0,163.6
0 days 00:00:47,87.0,154.43333333333334
0 days 00:00:48,244.0,144.7
0 days 00:00:49,93.0,138.0
0 days 00:00:50,15.0,130.03333333333333
0 days 00:00:51,6.0,124.06666666666666
0 days 00:00:52,6.0,113.56666666666666
0 days 00:00:53,7.0,101.63333333333334
0 days 00:00:54,97.0,94.8
0 days 00:00:55,304.0,98.96666666666667
0 days 00:00:56,349.0,102.66666666666667
0 days 00:00:57,294.0,114.7
0 days 00:00:58,222.0,121.06666666666666
0 days 00:00:59,116.0,125.6
0 days 00:01:00,116.0,132.93333333333334
0 days 00:01:01,116.0,138.1
0 days 00:01:02,0.0,143.86666666666667
0 days 00:01:03,0.0,148.9
0 days 00:01:04,0.0,149.56666666666666
0 days 00:01:05,0.0,155.5
0 days 00:01:06,0.0,163.16666666666666
0 days 00:01:07,0.0,171.66666666666666
0 days 00:01:08,0.0,178.63333333333333
0 days 00:01:09,306.0,185.53333333333333
0 days 00:01:10,270.0,188.23333333333332
0 days 00:01:11,505.0,184.73333333333332
0 days 00:01:12,335.0,181.33333333333334
0 days 00:01:13,280.0,181.13333333333333
0 days 00:01:14,220.0,182.43333333333334
0 days 00:01:15,155.0,186.5
0 days 00:01:16,173.0,190.86666666666667
0 days 00:01:17,238.0,194.13333333333333
0 days 00:01:18,264.0,200.4
0 days 00:01:19,271.0,209.13333333333333
0 days 00:01:20,245.0,217.7
0 days 00:01:21,261.0,226.73333333333332
0 days 00:01:22,215.0,234.9
0 days 00:01:23,214.0,241.7
0 days 00:01:24,178.0,248.2
0 days 00:01:25,199.0,245.06666666666666
0 days 00:01:26,247.0,242.8
0 days 00:01:27,288.0,232.76666666666668
0 days 00:01:28,261.0,226.8
0 days 00:01:29,238.0,222.36666666666667
0 days 00:01:30,247.0,219.86666666666667
0 days 00:01:31,214.0,219.33333333333334
0 days 00:01:32,188.0,217.33333333333334
0 days 00:01:33,262.0,224.3
0 days 00:01:34,257.0,229.73333333333332
0 days 00:01:35,271.0,233.13333333333333
0 days 00:01:36,245.0,233.8
0 days 00:01:37,204.0,234.36666666666667
0 days 00:01:38,195.0,236.73333333333332
0 days 00:01:39,212.0,238.1
0 days 00:01:40,202.0,239.4
0 days 00:01:41,204.0,237.6
0 days 00:01:42,156.0,234.73333333333332
0 days 00:01:43,147.0,230.66666666666666
0 days 00:01:44,145.0,228.83333333333334
0 days 00:01:45,139.0,227.33333333333334
0 days 00:01:46,113.0,228.03333333333333
0 days 00:01:47,447.0,226.66666666666666
0 days 00:01:48,427.0,225.7
0 days 00:01:49,373.0,225.83333333333334
0 days 00:01:50,265.0,226.8
0 days 00:01:51,278.0,228.06666666666666
0 days 00:01:52,286.0,230.9
0 days 00:01:53,255.0,235.13333333333333
0 days 00:01:54,217.0,238.4
0 days 00:01:55,145.0,241.4
0 days 00:01:56,161.0,243.2
0 days 00:01:57,166.0,242.56666666666666
0 days 00:01:58,206.0,243.36666666666667
0 days 00:01:59,193.0,242.56666666666666
0 days 00:02:00,268.0,242.16666666666666
0 days 00:02:01,173.0,243.36666666666667
0 days 00:02:02,159.0,250.33333333333334
0 days 00:02:03,266.0,249.76666666666668
0 days 00:02:04,286.0,246.1
0 days 00:02:05,309.0,242.1
0 days 00:02:06,330.0,240.1
0 days 00:02:07,331.0,238.2
0 days 00:02:08,293.0,236.4
0 days 00:02:09,302.0,236.06666666666666
0 days 00:02:10,256.0,234.33333333333334
0 days 00:02:11,185.0,238.63333333333333
0 days 00:02:12,180.0,242.9
0 days 00:02:13,123.0,244.46666666666667
0 days 00:02:14,133.0,243.83333333333334
0 days 00:02:15,175.0,242.46666666666667
0 days 00:02:16,322.0,238.6
0 days 00:02:17,430.0,237.26666666666668
0 days 00:02:18,317.0,232.43333333333334
0 days 00:02:19,253.0,224.93333333333334
0 days 00:02:20,205.0,217.7
0 days 00:02:21,221.0,212.66666666666666
0 days 00:02:22,232.0,210.36666666666667
0 days 00:02:23,245.0,205.73333333333332
0 days 00:02:24,165.0,200.16666666666666
0 days 00:02:25,274.0,194.3
0 days 00:02:26,289.0,188.56666666666666
0 days 00:02:27,213.0,182.4
0 days 00:02:28,187.0,176.4
0 days 00:02:29,152.0,172.3
0 days 00:02:30,152.0,167.86666666666667
0 days 00:02:31,133.0,162.03333333333333
0 days 00:02:32,14.0,154.3
0 days 00:02:33,41.0,143.4
0 days 00:02:34,69.0,135.4
0 days 00:02:35,158.0,129.53333333333333
0 days 00:02:36,261.0,124.4
0 days 00:02:37,192.0,117.03333333333333
0 days 00:02:38,126.0,109.3
0 days 00:02:39,126.0,101.13333333333334
0 days 00:02:40,84.0,100.9
0 days 00:02:41,0.0,99.5
0 days 00:02:42,0.0,96.1
0 days 00:02:43,0.0,97.46666666666667
0 days 00:02:44,0.0,99.7
0 days 00:02:45,0.0,97.43333333333334
0 days 00:02:46,90.0,92.36666666666666
0 days 00:02:47,103.0,87.93333333333334
0 days 00:02:48,77.0,87.46666666666667
0 days 00:02:49,77.0,86.1
0 days 00:02:50,51.0,83.8
0 days 00:02:51,0.0,78.53333333333333
0 days 00:02:52,0.0,69.83333333333333
0 days 00:02:53,0.0,63.43333333333333
0 days 00:02:54,158.0,66.13333333333334
0 days 00:02:55,232.0,76.7
0 days 00:02:56,187.0,91.16666666666667
0 days 00:02:57,254.0,107.86666666666666
0 days 00:02:58,254.0,119.03333333333333
0 days 00:02:59,84.0,127.9
0 days 00:03:00,0.0,132.16666666666666
0 days 00:03:01,0.0,135.86666666666667
0 days 00:03:02,0.0,141.1
0 days 00:03:03,0.0,143.46666666666667
0 days 00:03:04,0.0,147.26666666666668
0 days 00:03:05,0.0,153.33333333333334
0 days 00:03:06,0.0,161.03333333333333
0 days 00:03:07,0.0,171.33333333333334
0 days 00:03:08,207.0,182.36666666666667
0 days 00:03:09,443.0,192.23333333333332
0 days 00:03:10,518.0,194.93333333333334
0 days 00:03:11,501.0,194.76666666666668
0 days 00:03:12,335.0,195.53333333333333
0 days 00:03:13,266.0,195.56666666666666
0 days 00:03:14,128.0,194.2
0 days 00:03:15,111.0,198.43333333333334
0 days 00:03:16,247.0,205.43333333333334
0 days 00:03:17,174.0,211.36666666666667
0 days 00:03:18,191.0,217.5
0 days 00:03:19,259.0,223.03333333333333
0 days 00:03:20,282.0,228.46666666666667
0 days 00:03:21,309.0,234.2
0 days 00:03:22,331.0,240.2
0 days 00:03:23,296.0,246.06666666666666
0 days 00:03:24,239.0,244.76666666666668
0 days 00:03:25,227.0,234.9
0 days 00:03:26,210.0,222.66666666666666
0 days 00:03:27,255.0,210.33333333333334
0 days 00:03:28,213.0,204.0
0 days 00:03:29,211.0,203.43333333333334
0 days 00:03:30,210.0,207.26666666666668
0 days 00:03:31,178.0,210.96666666666667
0 days 00:03:32,184.0,208.36666666666667
0 days 00:03:33,166.0,209.7
0 days 00:03:34,163.0,209.5
0 days 00:03:35,172.0,206.83333333333334
0 days 00:03:36,180.0,202.93333333333334
0 days 00:03:37,176.0,201.56666666666666
0 days 00:03:38,168.0,198.4
0 days 00:03:39,147.0,197.8
0 days 00:03:40,151.0,198.1
0 days 00:03:41,131.0,197.1
0 days 00:03:42,145.0,195.66666666666666
0 days 00:03:43,249.0,193.4
0 days 00:03:44,243.0,191.83333333333334
0 days 00:03:45,222.0,189.5
0 days 00:03:46,169.0,187.73333333333332
0 days 00:03:47,214.0,188.56666666666666
0 days 00:03:48,185.0,187.23333333333332
0 days 00:03:49,179.0,185.66666666666666
0 days 00:03:50,165.0,184.76666666666668
0 days 00:03:51,268.0,185.16666666666666
0 days 00:03:52,236.0,186.86666666666667
0 days 00:03:53,278.0,189.7
0 days 00:03:54,248.0,197.2
0 days 00:03:55,197.0,203.43333333333334
0 days 00:03:56,167.0,208.0
0 days 00:03:57,187.0,213.86666666666667
0 days 00:03:58,166.0,219.76666666666668
0 days 00:03:59,141.0,223.0
0 days 00:04:00,157.0,225.7
0 days 00:04:01,203.0,228.16666666666666
0 days 00:04:02,144.0,229.86666666666667
0 days 00:04:03,119.0,230.33333333333334
0 days 00:04:04,136.0,232.73333333333332
0 days 00:04:05,184.0,234.23333333333332
0 days 00:04:06,231.0,237.93333333333334
0 days 00:04:07,261.0,239.33333333333334
0 days 00:04:08,393.0,241.23333333333332
0 days 00:04:09,334.0,240.53333333333333
0 days 00:04:10,288.0,240.2
0 days 00:04:11,307.0,242.36666666666667
0 days 00:04:12,322.0,245.43333333333334
0 days 00:04:13,346.0,247.56666666666666
0 days 00:04:14,324.0,251.3
0 days 00:04:15,296.0,255.2
0 days 00:04:16,220.0,258.3666666666667
0 days 00:04:17,228.0,260.9
0 days 00:04:18,257.0,263.3333333333333
0 days 00:04:19,224.0,266.73333333333335
0 days 00:04:20,276.0,269.6333333333333
0 days 00:04:21,310.0,269.96666666666664
0 days 00:04:22,293.0,268.73333333333335
0 days 00:04:23,257.0,265.1
0 days 00:04:24,238.0,257.06666666666666
0 days 00:04:25,262.0,250.43333333333334
0 days 00:04:26,259.0,245.73333333333332
0 days 00:04:27,251.0,241.33333333333334
0 days 00:04:28,278.0,237.4
0 days 00:04:29,258.0,231.06666666666666
0 days 00:04:30,252.0,223.63333333333333
0 days 00:04:31,279.0,217.16666666666666
0 days 00:04:32,217.0,213.03333333333333
0 days 00:04:33,221.0,208.2
0 days 00:04:34,223.0,202.4
0 days 00:04:35,194.0,196.76666666666668
0 days 00:04:36,194.0,189.16666666666666
0 days 00:04:37,152.0,180.46666666666667
0 days 00:04:38,152.0,175.76666666666668
0 days 00:04:39,135.0,172.5
0 days 00:04:40,147.0,168.76666666666668
0 days 00:04:41,175.0,162.93333333333334
0 days 00:04:42,204.0,154.63333333333333
0 days 00:04:43,156.0,146.43333333333334
0 days 00:04:44,101.0,137.23333333333332
0 days 00:04:45,102.0,134.6
0 days 00:04:46,96.0,133.6
0 days 00:04:47,83.0,131.5
0 days 00:04:48,83.0,129.9
0 days 00:04:49,55.0,123.36666666666666
0 days 00:04:50,48.0,116.76666666666667
0 days 00:04:51,49.0,111.13333333333334
0 days 00:04:52,152.0,104.66666666666667
0 days 00:04:53,159.0,99.6
0 days 00:04:54,126.0,94.53333333333333
0 days 00:04:55,87.0,90.03333333333333
0 days 00:04:56,10.0,85.13333333333334
0 days 00:04:57,5.0,79.3
0 days 00:04:58,2.0,72.5
0 days 00:04:59,179.0,69.2
0 days 00:05:00,222.0,73.23333333333333
0 days 00:05:01,216.0,76.5
0 days 00:05:02,169.0,79.2
0 days 00:05:03,25.0,81.33333333333333
0 days 00:05:04,25.0,85.63333333333334
0 days 00:05:05,25.0,92.46666666666667
0 days 00:05:06,0.0,98.4
0 days 00:05:07,0.0,102.46666666666667
0 days 00:05:08,0.0,103.26666666666667
0 days 00:05:09,0.0,104.83333333333333
0 days 00:05:10,0.0,108.63333333333334
0 days 00:05:11,0.0,113.36666666666666
0 days 00:05:12,0.0,119.46666666666667
0 days 00:05:13,57.0,124.9
0 days 00:05:14,222.0,130.53333333333333
0 days 00:05:15,200.0,132.1
0 days 00:05:16,177.0,138.6
0 days 00:05:17,147.0,150.5
0 days 00:05:18,212.0,162.06666666666666
0 days 00:05:19,260.0,168.33333333333334
0 days 00:05:20,226.0,175.53333333333333
0 days 00:05:21,171.0,181.1
0 days 00:05:22,176.0,188.76666666666668
0 days 00:05:23,206.0,196.73333333333332
0 days 00:05:24,240.0,206.26666666666668
0 days 00:05:25,229.0,214.3
0 days 00:05:26,193.0,221.0
0 days 00:05:27,168.0,226.7
0 days 00:05:28,171.0,231.96666666666667
0 days 00:05:29,226.0,235.06666666666666
0 days 00:05:30,417.0,233.96666666666667
0 days 00:05:31,573.0,232.03333333333333
0 days 00:05:32,516.0,232.53333333333333
0 days 00:05:33,213.0,236.16666666666666
0 days 00:05:34,241.0,234.7
0 days 00:05:35,192.0,229.16666666666666
0 days 00:05:36,230.0,222.7
0 days 00:05:37,239.0,217.13333333333333
0 days 00:05:38,286.0,212.16666666666666
0 days 00:05:39,241.0,212.5
0 days 00:05:40,201.0,212.6
0 days 00:05:41,171.0,215.43333333333334
0 days 00:05:42,158.0,221.66666666666666
0 days 00:05:43,150.0,229.56666666666666
0 days 00:05:44,189.0,235.6
0 days 00:05:45,142.0,238.5
0 days 00:05:46,192.0,232.36666666666667
0 days 00:05:47,256.0,218.43333333333334
0 days 00:05:48,168.0,204.76666666666668
0 days 00:05:49,94.0,201.16666666666666
0 days 00:05:50,32.0,198.1
0 days 00:05:51,4.0,193.73333333333332
0 days 00:05:52,27.0,191.2
0 days 00:05:53,216.0,188.16666666666666
0 days 00:05:54,243.0,183.76666666666668
0 days 00:05:55,314.0,184.16666666666666
0 days 00:05:56,380.0,187.43333333333334
0 days 00:05:57,405.0,192.2
0 days 00:05:58,352.0,199.53333333333333
0 days 00:05:59,313.0,204.2
0 days 00:06:00,233.0,210.33333333333334
0 days 00:06:01,155.0,219.93333333333334
0 days 00:06:02,106.0,224.5
0 days 00:06:03,105.0,224.33333333333334
0 days 00:06:04,149.0,227.96666666666667
0 days 00:06:05,61.0,235.93333333333334
0 days 00:06:06,154.0,247.0
0 days 00:06:07,148.0,261.0
0 days 00:06:08,154.0,275.93333333333334
0 days 00:06:09,253.0,283.6
0 days 00:06:10,299.0,289.5
0 days 00:06:11,314.0,290.56666666666666
0 days 00:06:12,378.0,285.03333333333336
0 days 00:06:13,290.0,272.73333333333335
0 days 00:06:14,373.0,262.2
0 days 00:06:15,430.0,255.7
0 days 00:06:16,329.0,255.73333333333332
0 days 00:06:17,251.0,259.0
0 days 00:06:18,277.0,262.46666666666664
0 days 00:06:19,333.0,268.7
0 days 00:06:20,364.0,272.6666666666667
0 days 00:06:21,424.0,278.23333333333335
0 days 00:06:22,475.0,275.96666666666664
0 days 00:06:23,446.0,278.76666666666665
0 days 00:06:24,420.0,279.9
0 days 00:06:25,346.0,272.8
0 days 00:06:26,214.0,264.1666666666667
0 days 00:06:27,36.0,253.7
0 days 00:06:28,36.0,241.1
0 days 00:06:29,118.0,231.43333333333334
0 days 00:06:30,234.0,219.0
0 days 00:06:31,253.0,204.66666666666666
0 days 00:06:32,210.0,193.7
0 days 00:06:33,292.0,185.33333333333334
0 days 00:06:34,268.0,176.1
0 days 00:06:35,228.0,171.76666666666668
0 days 00:06:36,86.0,165.63333333333333
0 days 00:06:37,232.0,155.13333333333333
0 days 00:06:38,188.0,142.93333333333334
0 days 00:06:39,40.0,131.7
0 days 00:06:40,40.0,117.7
0 days 00:06:41,0.0,106.16666666666667
0 days 00:06:42,0.0,99.03333333333333
0 days 00:06:43,0.0,98.1
0 days 00:06:44,0.0,102.9
0 days 00:06:45,0.0,111.73333333333333
0 days 00:06:46,0.0,113.43333333333334
0 days 00:06:47,0.0,106.36666666666666
0 days 00:06:48,0.0,100.6
0 days 00:06:49,203.0,91.26666666666667
0 days 00:06:50,180.0,82.73333333333333
0 days 00:06:51,109.0,75.26666666666667
0 days 00:06:52,109.0,72.4
0 days 00:06:53,109.0,64.66666666666667
0 days 00:06:54,0.0,58.4
0 days 00:06:55,0.0,57.06666666666667
0 days 00:06:56,0.0,55.733333333333334
0 days 00:06:57,8.0,55.733333333333334
0 days 00:06:58,180.0,55.733333333333334
0 days 00:06:59,383.0,69.63333333333334
0 days 00:07:00,285.0,86.8
0 days 00:07:01,41.0,104.26666666666667
0 days 00:07:02,37.0,120.13333333333334
0 days 00:07:03,12.0,131.93333333333334
0 days 00:07:04,12.0,144.0
0 days 00:07:05,4.0,149.43333333333334
0 days 00:07:06,0.0,156.83333333333334
0 days 00:07:07,0.0,165.5
0 days 00:07:08,0.0,169.7
0 days 00:07:09,0.0,174.83333333333334
0 days 00:07:10,0.0,183.76666666666668
0 days 00:07:11,0.0,193.43333333333334
0 days 00:07:12,0.0,205.43333333333334
0 days 00:07:13,417.0,217.36666666666667
0 days 00:07:14,515.0,219.13333333333333
0 days 00:07:15,524.0,212.6
0 days 00:07:16,476.0,208.2
0 days 00:07:17,354.0,213.13333333333333
0 days 00:07:18,362.0,217.6
0 days 00:07:19,366.0,223.43333333333334
0 days 00:07:20,402.0,230.63333333333333
0 days 00:07:21,369.0,238.6
0 days 00:07:22,235.0,248.06666666666666
0 days 00:07:23,263.0,258.8333333333333
0 days 00:07:24,268.0,267.93333333333334
0 days 00:07:25,290.0,273.76666666666665
0 days 00:07:26,360.0,279.8
0 days 00:07:27,366.0,286.0
0 days 00:07:28,233.0,292.2
0 days 00:07:29,187.0,278.3
0 days 00:07:30,153.0,261.1333333333333
0 days 00:07:31,189.0,243.66666666666666
0 days 00:07:32,171.0,232.4
0 days 00:07:33,187.0,224.16666666666666
0 days 00:07:34,228.0,214.46666666666667
0 days 00:07:35,243.0,209.36666666666667
0 days 00:07:36,284.0,206.8
0 days 00:07:37,323.0,210.26666666666668
0 days 00:07:38,273.0,217.5
0 days 00:07:39,175.0,225.43333333333334
0 days 00:07:40,181.0,228.6
0 days 00:07:41,186.0,228.23333333333332
0 days 00:07:42,186.0,225.4
0 days 00:07:43,0.0,221.06666666666666
0 days 00:07:44,0.0,227.53333333333333
0 days 00:07:45,0.0,237.56666666666666
0 days 00:07:46,138.0,247.93333333333334
0 days 00:07:47,107.0,259.0
0 days 00:07:48,71.0,269.93333333333334
0 days 00:07:49,213.0,278.43333333333334
0 days 00:07:50,325.0,286.3333333333333
0 days 00:07:51,473.0,293.6333333333333
0 days 00:07:52,452.0,297.76666666666665
0 days 00:07:53,501.0,301.93333333333334
0 days 00:07:54,363.0,307.4
0 days 00:07:55,279.0,317.93333333333334
0 days 00:07:56,275.0,325.26666666666665
0 days 00:07:57,236.0,328.73333333333335
0 days 00:07:58,427.0,334.06666666666666
0 days 00:07:59,488.0,345.96666666666664
0 days 00:08:00,464.0,355.46666666666664
0 days 00:08:01,521.0,366.8
0 days 00:08:02,499.0,373.46666666666664
0 days 00:08:03,442.0,377.0
0 days 00:08:04,465.0,379.2
0 days 00:08:05,462.0,377.8666666666667
0 days 00:08:06,408.0,371.56666666666666
0 days 00:08:07,448.0,358.1333333333333
0 days 00:08:08,437.0,343.9
0 days 00:08:09,491.0,330.06666666666666
0 days 00:08:10,401.0,322.1666666666667
0 days 00:08:11,290.0,313.06666666666666
0 days 00:08:12,346.0,309.76666666666665
0 days 00:08:13,357.0,309.6333333333333
0 days 00:08:14,285.0,300.5
0 days 00:08:15,340.0,284.23333333333335
0 days 00:08:16,338.0,268.76666666666665
0 days 00:08:17,213.0,251.4
0 days 00:08:18,137.0,234.76666666666668
0 days 00:08:19,173.0,220.03333333333333
0 days 00:08:20,136.0,204.53333333333333
0 days 00:08:21,70.0,189.13333333333333
0 days 00:08:22,25.0,175.53333333333333
0 days 00:08:23,86.0,160.6
0 days 00:08:24,126.0,146.03333333333333
0 days 00:08:25,6.0,133.9
0 days 00:08:26,176.0,126.1
0 days 00:08:27,232.0,121.13333333333334
0 days 00:08:28,153.0,111.66666666666667
0 days 00:08:29,0.0,100.73333333333333
0 days 00:08:30,0.0,91.7
0 days 00:08:31,0.0,80.73333333333333
0 days 00:08:32,0.0,69.9
0 days 00:08:33,0.0,63.233333333333334
0 days 00:08:34,0.0,63.43333333333333
0 days 00:08:35,0.0,62.43333333333333
0 days 00:08:36,0.0,62.666666666666664
0 days 00:08:37,0.0,60.93333333333333
0 days 00:08:38,0.0,60.7
0 days 00:08:39,127.0,58.03333333333333
0 days 00:08:40,167.0,53.833333333333336
0 days 00:08:41,141.0,53.63333333333333
0 days 00:08:42,62.0,47.766666666666666
0 days 00:08:43,29.0,40.03333333333333
0 days 00:08:44,14.0,34.93333333333333
0 days 00:08:45,11.0,34.93333333333333
0 days 00:08:46,13.0,34.93333333333333
0 days 00:08:47,13.0,34.93333333333333
0 days 00:08:48,143.0,39.666666666666664
0 days 00:08:49,143.0,54.766666666666666
0 days 00:08:50,143.0,70.0
0 days 00:08:51,18.0,90.3
0 days 00:08:52,18.0,110.9
0 days 00:08:53,6.0,131.5
0 days 00:08:54,0.0,143.76666666666668
0 days 00:08:55,0.0,151.8
0 days 00:08:56,0.0,157.23333333333332
0 days 00:08:57,0.0,164.16666666666666
0 days 00:08:58,0.0,176.6
0 days 00:08:59,0.0,187.56666666666666
0 days 00:09:00,0.0,197.86666666666667
0 days 00:09:01,0.0,209.26666666666668
0 days 00:09:02,142.0,219.86666666666667
0 days 00:09:03,453.0,230.06666666666666
0 days 00:09:04,457.0,237.3
0 days 00:09:05,609.0,245.06666666666666
0 days 00:09:06,618.0,257.46666666666664
0 days 00:09:07,618.0,272.2
0 days 00:09:08,368.0,287.26666666666665
0 days 00:09:09,368.0,301.73333333333335
0 days 00:09:10,330.0,313.96666666666664
0 days 00:09:11,349.0,324.93333333333334
0 days 00:09:12,435.0,334.73333333333335
0 days 00:09:13,358.0,344.26666666666665
0 days 00:09:14,323.0,355.26666666666665
0 days 00:09:15,353.0,368.7
0 days 00:09:16,331.0,378.8
0 days 00:09:17,319.0,383.73333333333335
0 days 00:09:18,360.0,379.3333333333333
0 days 00:09:19,376.0,364.56666666666666
0 days 00:09:20,515.0,349.6666666666667
0 days 00:09:21,460.0,332.3666666666667
0 days 00:09:22,470.0,314.8
0 days 00:09:23,440.0,303.8666666666667
0 days 00:09:24,367.0,298.9
0 days 00:09:25,329.0,296.53333333333336
0 days 00:09:26,294.0,291.56666666666666
0 days 00:09:27,286.0,287.93333333333334
0 days 00:09:28,330.0,286.1
0 days 00:09:29,403.0,285.2
0 days 00:09:30,303.0,281.23333333333335
0 days 00:09:31,148.0,271.73333333333335
0 days 00:09:32,10.0,265.03333333333336
0 days 00:09:33,10.0,260.0
0 days 00:09:34,10.0,257.6666666666667
0 days 00:09:35,90.0,261.2
0 days 00:09:36,91.0,257.43333333333334
0 days 00:09:37,290.0,252.63333333333333
0 days 00:09:38,219.0,246.23333333333332
0 days 00:09:39,297.0,243.63333333333333
0 days 00:09:40,181.0,244.0
0 days 00:09:41,240.0,247.0
0 days 00:09:42,380.0,248.7
0 days 00:09:43,331.0,246.36666666666667
0 days 00:09:44,204.0,241.0
0 days 00:09:45,68.0,236.3
0 days 00:09:46,130.0,237.9
0 days 00:09:47,168.0,242.36666666666667
0 days 00:09:48,290.0,251.5
0 days 00:09:49,482.0,259.3666666666667
0 days 00:09:50,402.0,267.76666666666665
0 days 00:09:51,316.0,271.0
0 days 00:09:52,278.0,277.3
0 days 00:09:53,362.0,275.6333333333333
0 days 00:09:54,378.0,276.23333333333335
0 days 00:09:55,419.0,279.96666666666664
0 days 00:09:56,345.0,282.6
0 days 00:09:57,216.0,280.1333333333333
0 days 00:09:58,169.0,273.56666666666666
0 days 00:09:59,262.0,269.8
0 days 00:10:00,351.0,269.2
0 days 00:10:01,282.0,272.8
0 days 00:10:02,284.0,273.6
0 days 00:10:03,246.0,275.76666666666665
0 days 00:10:04,262.0,271.7
0 days 00:10:05,187.0,262.6333333333333
0 days 00:10:06,280.0,255.46666666666667
0 days 00:10:07,240.0,247.66666666666666
0 days 00:10:08,237.0,239.66666666666666
0 days 00:10:09,409.0,228.86666666666667
0 days 00:10:10,260.0,217.2
0 days 00:10:11,166.0,205.4
0 days 00:10:12,183.0,196.06666666666666
0 days 00:10:13,218.0,191.06666666666666
0 days 00:10:14,186.0,193.93333333333334
0 days 00:10:15,176.0,193.06666666666666
0 days 00:10:16,154.0,187.66666666666666
0 days 00:10:17,233.0,180.53333333333333
0 days 00:10:18,168.0,171.56666666666666
0 days 00:10:19,210.0,164.06666666666666
0 days 00:10:20,187.0,155.56666666666666
0 days 00:10:21,82.0,158.63333333333333
0 days 00:10:22,38.0,161.0
0 days 00:10:23,38.0,161.66666666666666
0 days 00:10:24,28.0,158.16666666666666
0 days 00:10:25,65.0,145.5
0 days 00:10:26,65.0,137.8
0 days 00:10:27,66.0,132.56666666666666
0 days 00:10:28,255.0,126.46666666666667
0 days 00:10:29,236.0,119.2
0 days 00:10:30,189.0,113.0
0 days 00:10:31,68.0,107.13333333333334
0 days 00:10:32,15.0,102.0
0 days 00:10:33,21.0,94.23333333333333
0 days 00:10:34,7.0,88.63333333333334
0 days 00:10:35,279.0,94.86666666666666
0 days 00:10:36,351.0,102.4
0 days 00:10:37,260.0,114.63333333333334
0 days 00:10:38,132.0,129.83333333333334
0 days 00:10:39,29.0,141.83333333333334
0 days 00:10:40,29.0,159.86666666666667
0 days 00:10:41,9.0,171.86666666666667
0 days 00:10:42,0.0,183.86666666666667
0 days 00:10:43,0.0,191.33333333333334
0 days 00:10:44,0.0,191.7
0 days 00:10:45,0.0,192.96666666666667
0 days 00:10:46,0.0,194.9
0 days 00:10:47,0.0,199.86666666666667
0 days 00:10:48,0.0,205.86666666666667
0 days 00:10:49,397.0,211.13333333333333
0 days 00:10:50,413.0,216.36666666666667
0 days 00:10:51,449.0,210.83333333333334
0 days 00:10:52,494.0,203.2
0 days 00:10:53,398.0,199.8
0 days 00:10:54,569.0,200.66666666666666
0 days 00:10:55,425.0,204.96666666666667
0 days 00:10:56,425.0,204.66666666666666
0 days 00:10:57,290.0,205.03333333333333
0 days 00:10:58,266.0,205.7
0 days 00:10:59,274.0,208.7
0 days 00:11:00,247.0,210.96666666666667
0 days 00:11:01,217.0,216.06666666666666
0 days 00:11:02,195.0,220.63333333333333
0 days 00:11:03,179.0,226.23333333333332
0 days 00:11:04,164.0,231.0
0 days 00:11:05,113.0,222.56666666666666
0 days 00:11:06,122.0,214.1
0 days 00:11:07,158.0,202.3
0 days 00:11:08,158.0,188.9
0 days 00:11:09,158.0,178.5
0 days 00:11:10,20.0,161.53333333333333
0 days 00:11:11,20.0,153.43333333333334
0 days 00:11:12,20.0,148.06666666666666
0 days 00:11:13,90.0,149.63333333333333
0 days 00:11:14,68.0,152.0
0 days 00:11:15,153.0,154.73333333333332
0 days 00:11:16,137.0,159.7
0 days 00:11:17,168.0,160.86666666666667
0 days 00:11:18,143.0,164.53333333333333
0 days 00:11:19,144.0,172.23333333333332
0 days 00:11:20,159.0,180.0
0 days 00:11:21,95.0,185.83333333333334
0 days 00:11:22,92.0,184.56666666666666
0 days 00:11:23,86.0,180.43333333333334
0 days 00:11:24,60.0,178.1
0 days 00:11:25,182.0,178.16666666666666
0 days 00:11:26,264.0,186.03333333333333
0 days 00:11:27,337.0,196.56666666666666
0 days 00:11:29,337.0,210.66666666666666
0 days 00:11:30,356.0,222.53333333333333
0 days 00:11:31,396.0,236.06666666666666
0 days 00:11:32,252.0,246.86666666666667
0 days 00:11:33,305.0,258.53333333333336
0 days 00:11:34,410.0,265.1
0 days 00:11:35,397.0,260.3333333333333
0 days 00:11:36,288.0,255.53333333333333
0 days 00:11:37,84.0,250.23333333333332
0 days 00:11:38,34.0,247.06666666666666
0 days 00:11:39,88.0,244.0
0 days 00:11:40,160.0,250.06666666666666
0 days 00:11:41,256.0,255.43333333333334
0 days 00:11:42,336.0,258.7
0 days 00:11:43,443.0,258.9
0 days 00:11:44,446.0,254.63333333333333
0 days 00:11:45,474.0,248.73333333333332
0 days 00:11:46,477.0,241.23333333333332
0 days 00:11:47,487.0,230.86666666666667
0 days 00:11:48,365.0,226.76666666666668
0 days 00:11:49,0.0,224.1
0 days 00:11:50,0.0,218.16666666666666
0 days 00:11:51,0.0,213.3
0 days 00:11:52,0.0,213.86666666666667
0 days 00:11:53,0.0,216.73333333333332
0 days 00:11:54,268.0,220.93333333333334
0 days 00:11:55,221.0,222.06666666666666
0 days 00:11:56,280.0,217.86666666666667
0 days 00:11:57,270.0,209.7
0 days 00:11:58,209.0,198.86666666666667
0 days 00:11:59,160.0,189.4
0 days 00:12:00,131.0,183.7
0 days 00:12:01,85.0,172.7
0 days 00:12:02,129.0,161.53333333333333
0 days 00:12:03,225.0,150.03333333333333
0 days 00:12:04,232.0,141.0
0 days 00:12:05,251.0,142.56666666666666
0 days 00:12:06,305.0,144.13333333333333
0 days 00:12:07,170.0,145.76666666666668
0 days 00:12:08,160.0,153.1
0 days 00:12:09,122.0,161.0
0 days 00:12:10,34.0,157.93333333333334
0 days 00:12:11,11.0,151.73333333333332
0 days 00:12:12,11.0,143.56666666666666
0 days 00:12:13,159.0,134.56666666666666
0 days 00:12:14,275.0,127.6
0 days 00:12:15,144.0,122.26666666666667
0 days 00:12:16,142.0,117.9
0 days 00:12:17,142.0,121.06666666666666
0 days 00:12:18,94.0,122.03333333333333
0 days 00:12:19,47.0,118.96666666666667
0 days 00:12:20,47.0,114.86666666666666
0 days 00:12:21,49.0,110.13333333333334
0 days 00:12:22,220.0,102.36666666666666
0 days 00:12:23,237.0,96.7
0 days 00:12:24,176.0,91.36666666666666
0 days 00:12:25,35.0,87.3
0 days 00:12:26,35.0,86.16666666666667
0 days 00:12:27,0.0,85.8
0 days 00:12:28,0.0,85.43333333333334
0 days 00:12:29,0.0,80.13333333333334
0 days 00:12:30,0.0,75.06666666666666
0 days 00:12:31,180.0,85.63333333333334
0 days 00:12:32,158.0,95.63333333333334
0 days 00:12:33,133.0,106.3
0 days 00:12:34,109.0,116.86666666666666
0 days 00:12:35,109.0,131.3
0 days 00:12:36,72.0,142.16666666666666
0 days 00:12:37,0.0,153.96666666666667
0 days 00:12:38,0.0,156.5
0 days 00:12:39,0.0,156.0
0 days 00:12:40,0.0,161.63333333333333
0 days 00:12:41,0.0,176.43333333333334
0 days 00:12:42,0.0,189.23333333333332
0 days 00:12:43,0.0,200.5
0 days 00:12:44,123.0,210.93333333333334
0 days 00:12:45,461.0,222.6
0 days 00:12:46,442.0,233.56666666666666
0 days 00:12:47,462.0,237.1
0 days 00:12:48,411.0,241.4
0 days 00:12:49,480.0,249.53333333333333
0 days 00:12:50,373.0,262.3666666666667
0 days 00:12:51,403.0,275.2
0 days 00:12:52,296.0,285.3
0 days 00:12:53,222.0,295.93333333333334
0 days 00:12:54,345.0,304.1333333333333
0 days 00:12:55,479.0,312.1
0 days 00:12:56,419.0,319.46666666666664
0 days 00:12:57,338.0,325.03333333333336
0 days 00:12:58,313.0,329.5
0 days 00:12:59,350.0,331.4
0 days 00:13:00,329.0,329.2
0 days 00:13:01,286.0,313.8333333333333
0 days 00:13:02,287.0,299.1
0 days 00:13:03,377.0,283.7
0 days 00:13:04,494.0,275.0
0 days 00:13:05,494.0,270.3333333333333
0 days 00:13:06,375.0,274.8
0 days 00:13:07,319.0,271.23333333333335
0 days 00:13:08,246.0,269.3333333333333
0 days 00:13:09,239.0,269.9
0 days 00:13:10,221.0,266.3666666666667
0 days 00:13:11,167.0,257.53333333333336
0 days 00:13:12,134.0,253.5
0 days 00:13:13,57.0,242.23333333333332
0 days 00:13:14,57.0,231.8
0 days 00:13:15,0.0,220.13333333333333
0 days 00:13:16,0.0,209.16666666666666
0 days 00:13:17,0.0,199.63333333333333
0 days 00:13:18,150.0,190.06666666666666
0 days 00:13:19,340.0,177.5
0 days 00:13:20,507.0,161.03333333333333
0 days 00:13:21,296.0,149.55172413793105
0 days 00:13:22,239.0,136.6206896551724
0 days 00:13:23,239.0,125.62068965517241
0 days 00:13:24,239.0,128.20689655172413
0 days 00:13:25,214.0,128.48275862068965
0 days 00:13:26,298.0,131.0344827586207
0 days 00:13:27,0.0,135.44827586206895
0 days 00:13:28,0.0,141.0
0 days 00:13:29,0.0,148.68965517241378
0 days 00:13:30,0.0,153.89655172413794
0 days 00:13:31,0.0,159.48275862068965
0 days 00:13:32,0.0,165.3793103448276
0 days 00:13:33,0.0,172.3448275862069
0 days 00:13:34,0.0,171.93103448275863
0 days 00:13:39,0,167.68965517241378
0 days 00:13:40,0.0,158.13793103448276
0 days 00:13:41,0.0,155.0344827586207
0 days 00:13:42,321.0,154.41379310344828
0 days 00:13:43,247.0,154.3793103448276
0 days 00:13:44,295.0,151.06896551724137
0 days 00:13:45,295.0,150.72413793103448
0 days 00:13:46,295.0,146.79310344827587
0 days 00:13:47,280.0,152.72413793103448
0 days 00:13:48,208.0,156.3793103448276
0 days 00:13:49,162.0,159.55172413793105
0 days 00:13:50,171.0,163.24137931034483
0 days 00:13:51,202.0,165.58620689655172
0 days 00:13:52,138.0,167.10344827586206
0 days 00:13:53,217.0,169.41379310344828
0 days 00:13:54,230.0,171.41379310344828
0 days 00:13:55,206.0,167.63333333333333
0 days 00:13:56,221.0,168.9
0 days 00:13:57,238.0,170.2
0 days 00:13:58,143.0,160.8
0 days 00:13:59,204.0,158.83333333333334
0 days 00:14:00,184.0,153.96666666666667
0 days 00:14:01,172.0,149.1
0 days 00:14:02,106.0,141.03333333333333
0 days 00:14:03,92.0,131.96666666666667
0 days 00:14:04,107.0,125.23333333333333
0 days 00:14:05,68.0,119.93333333333334
0 days 00:14:06,44.0,124.03333333333333
0 days 00:14:07,67.0,128.46666666666667
0 days 00:14:08,58.0,131.66666666666666
0 days 00:14:09,58.0,132.66666666666666
0 days 00:14:10,38.0,133.1
0 days 00:14:11,39.0,134.33333333333334
0 days 00:14:12,39.0,135.06666666666666
0 days 00:14:13,188.0,127.13333333333334
0 days 00:14:14,149.0,122.36666666666666
0 days 00:14:15,149.0,115.56666666666666
0 days 00:14:16,53.0,109.43333333333334
0 days 00:14:17,8.0,103.7
0 days 00:14:18,6.0,100.16666666666667
0 days 00:14:19,3.0,103.13333333333334
0 days 00:14:20,294.0,112.96666666666667
0 days 00:14:21,335.0,130.0
0 days 00:14:22,234.0,146.0
0 days 00:14:23,247.0,158.96666666666667
0 days 00:14:24,243.0,172.3
0 days 00:14:25,243.0,182.8
0 days 00:14:26,243.0,199.1
0 days 00:14:27,0.0,212.5
0 days 00:14:28,0.0,225.83333333333334
0 days 00:14:29,0.0,231.7
0 days 00:14:30,0.0,237.26666666666668
0 days 00:14:31,0.0,243.76666666666668
0 days 00:14:32,0.0,254.06666666666666
0 days 00:14:33,181.0,265.6666666666667
0 days 00:14:34,402.0,274.7
0 days 00:14:35,579.0,284.1666666666667
0 days 00:14:36,524.0,285.1
0 days 00:14:37,456.0,286.03333333333336
0 days 00:14:38,458.0,287.5
0 days 00:14:39,373.0,289.1333333333333
0 days 00:14:40,527.0,287.56666666666666
0 days 00:14:41,441.0,285.46666666666664
0 days 00:14:42,439.0,284.26666666666665
0 days 00:14:43,364.0,293.1333333333333
0 days 00:14:44,316.0,302.93333333333334
0 days 00:14:45,344.0,310.5
0 days 00:14:46,362.0,318.03333333333336
0 days 00:14:47,356.0,324.56666666666666
0 days 00:14:48,277.0,330.6
0 days 00:14:49,287.0,331.53333333333336
0 days 00:14:50,322.0,323.43333333333334
0 days 00:14:51,363.0,309.2
0 days 00:14:52,278.0,298.56666666666666
0 days 00:14:53,296.0,291.3333333333333
0 days 00:14:54,196.0,284.6
0 days 00:14:55,180.0,285.9
0 days 00:14:56,207.0,276.93333333333334
0 days 00:14:57,266.0,268.76666666666665
0 days 00:14:58,294.0,259.53333333333336
0 days 00:14:59,227.0,252.8
0 days 00:15:00,226.0,249.13333333333333
0 days 00:15:01,196.0,244.3
0 days 00:15:02,181.0,239.7
0 days 00:15:03,209.0,233.73333333333332
0 days 00:15:04,159.0,235.16666666666666
0 days 00:15:05,152.0,237.36666666666667
0 days 00:15:06,205.0,242.46666666666667
0 days 00:15:07,239.0,247.76666666666668
0 days 00:15:08,256.0,254.23333333333332
0 days 00:15:09,412.0,256.1
0 days 00:15:10,258.0,262.1666666666667
0 days 00:15:11,196.0,269.0
0 days 00:15:12,162.0,277.1333333333333
0 days 00:15:13,162.0,280.53333333333336
0 days 00:15:14,206.0,283.7
0 days 00:15:15,199.0,287.46666666666664
0 days 00:15:16,224.0,291.1666666666667
0 days 00:15:17,177.0,296.0
0 days 00:15:18,320.0,299.6666666666667
0 days 00:15:19,353.0,301.23333333333335
0 days 00:15:20,475.0,304.7
0 days 00:15:21,522.0,309.3333333333333
0 days 00:15:22,472.0,312.06666666666666
0 days 00:15:23,352.0,312.5
0 days 00:15:24,378.0,312.46666666666664
0 days 00:15:25,385.0,306.93333333333334
0 days 00:15:26,451.0,303.73333333333335
0 days 00:15:27,368.0,302.26666666666665
0 days 00:15:28,389.0,301.56666666666666
0 days 00:15:29,340.0,297.7
0 days 00:15:30,337.0,293.6666666666667
0 days 00:15:31,341.0,289.06666666666666
0 days 00:15:32,291.0,283.6333333333333
0 days 00:15:33,256.0,278.1333333333333
0 days 00:15:34,263.0,269.73333333333335
0 days 00:15:35,291.0,262.03333333333336
0 days 00:15:36,287.0,248.73333333333332
0 days 00:15:37,252.0,232.0
0 days 00:15:38,255.0,216.93333333333334
0 days 00:15:39,246.0,205.2
0 days 00:15:40,162.0,192.6
0 days 00:15:41,152.0,179.76666666666668
0 days 00:15:42,141.0,164.73333333333332
0 days 00:15:43,46.0,152.46666666666667
0 days 00:15:44,85.0,145.93333333333334
0 days 00:15:45,61.0,140.46666666666667
0 days 00:15:46,61.0,133.56666666666666
0 days 00:15:47,12.0,126.53333333333333
0 days 00:15:48,68.0,117.16666666666667
0 days 00:15:49,122.0,109.1
0 days 00:15:50,76.0,100.5
0 days 00:15:51,20.0,90.96666666666667
0 days 00:15:52,20.0,88.0
0 days 00:15:53,0.0,87.6
0 days 00:15:54,0.0,79.36666666666666
0 days 00:15:55,0.0,71.3
0 days 00:15:56,0.0,66.9
0 days 00:15:57,0.0,62.833333333333336
0 days 00:15:58,193.0,59.13333333333333
0 days 00:15:59,176.0,57.6
0 days 00:16:00,130.0,54.766666666666666
0 days 00:16:01,130.0,52.733333333333334
0 days 00:16:02,10.0,50.7
0 days 00:16:03,14.0,50.3
0 days 00:16:04,5.0,48.03333333333333
0 days 00:16:05,5.0,46.0
0 days 00:16:06,198.0,51.96666666666667
0 days 00:16:07,240.0,61.9
0 days 00:16:08,8.0,76.23333333333333
0 days 00:16:09,4.0,93.23333333333333
0 days 00:16:10,30.0,108.3
0 days 00:16:11,30.0,123.0
0 days 00:16:12,30.0,138.26666666666668
0 days 00:16:13,0.0,153.16666666666666
0 days 00:16:14,0.0,156.5
0 days 00:16:15,0.0,162.1
0 days 00:16:16,0.0,171.7
0 days 00:16:17,0.0,177.5
0 days 00:16:18,0.0,191.1
0 days 00:16:19,61.0,201.03333333333333
0 days 00:16:20,255.0,208.33333333333334
0 days 00:16:21,318.0,215.16666666666666
0 days 00:16:22,450.0,217.26666666666668
0 days 00:16:23,510.0,217.16666666666666
0 days 00:16:24,452.0,225.03333333333333
0 days 00:16:25,441.0,232.36666666666667
0 days 00:16:26,458.0,238.5
0 days 00:16:27,447.0,243.46666666666667
0 days 00:16:28,293.0,248.43333333333334
0 days 00:16:29,344.0,251.43333333333334
0 days 00:16:30,418.0,252.53333333333333
0 days 00:16:31,304.0,256.93333333333334
0 days 00:16:32,418.0,260.03333333333336
0 days 00:16:33,312.0,262.26666666666665
0 days 00:16:34,224.0,264.4
0 days 00:16:35,210.0,264.5
0 days 00:16:36,261.0,257.06666666666666
0 days 00:16:37,237.0,246.46666666666667
0 days 00:16:38,244.0,231.46666666666667
0 days 00:16:39,224.0,214.46666666666667
0 days 00:16:40,214.0,208.43333333333334
0 days 00:16:41,179.0,208.03333333333333
0 days 00:16:42,179.0,208.66666666666666
0 days 00:16:43,90.0,209.23333333333332
0 days 00:16:44,33.0,210.4
0 days 00:16:45,132.0,203.96666666666667
0 days 00:16:46,93.0,194.1
0 days 00:16:47,67.0,187.53333333333333
0 days 00:16:48,64.0,175.66666666666666
0 days 00:16:49,64.0,172.2
0 days 00:16:50,32.0,172.96666666666667
0 days 00:16:51,0.0,173.4
0 days 00:16:52,0.0,172.66666666666666
0 days 00:16:53,0.0,172.06666666666666
0 days 00:16:54,271.0,174.73333333333332
0 days 00:16:55,429.0,178.0
0 days 00:16:56,477.0,182.93333333333334
0 days 00:16:57,464.0,188.9
0 days 00:16:58,328.0,196.43333333333334
0 days 00:16:59,151.0,207.43333333333334
0 days 00:17:00,122.0,221.36666666666667
0 days 00:17:01,107.0,230.36666666666667
0 days 00:17:02,62.0,239.73333333333332
0 days 00:17:03,208.0,247.4
0 days 00:17:04,247.0,254.93333333333334
0 days 00:17:05,223.0,262.46666666666664
0 days 00:17:06,239.0,267.8666666666667
0 days 00:17:07,219.0,276.56666666666666
0 days 00:17:08,324.0,285.8333333333333
0 days 00:17:09,322.0,295.6
0 days 00:17:10,362.0,292.43333333333334
0 days 00:17:11,358.0,282.1333333333333
0 days 00:17:12,405.0,267.73333333333335
0 days 00:17:13,420.0,255.23333333333332
0 days 00:17:14,451.0,246.83333333333334
0 days 00:17:15,402.0,250.9
0 days 00:17:16,374.0,257.1
0 days 00:17:17,297.0,265.03333333333336
0 days 00:17:18,290.0,270.6333333333333
0 days 00:17:19,290.0,265.6666666666667
0 days 00:17:20,194.0,257.8666666666667
0 days 00:17:21,261.0,252.83333333333334
0 days 00:17:22,278.0,248.63333333333333
0 days 00:17:23,293.0,246.13333333333333
0 days 00:17:24,176.0,241.36666666666667
0 days 00:17:25,120.0,232.46666666666667
0 days 00:17:26,45.0,223.06666666666666
0 days 00:17:27,89.0,215.2
0 days 00:17:28,76.0,205.83333333333334
0 days 00:17:29,273.0,195.7
0 days 00:17:30,308.0,185.33333333333334
0 days 00:17:31,345.0,176.33333333333334
0 days 00:17:32,230.0,170.2
0 days 00:17:33,59.0,167.96666666666667
0 days 00:17:34,13.0,160.06666666666666
0 days 00:17:35,72.0,152.16666666666666
0 days 00:17:36,113.0,147.46666666666667
0 days 00:17:37,144.0,140.2
0 days 00:17:38,181.0,132.36666666666667
0 days 00:17:39,55.0,124.06666666666666
0 days 00:17:40,80.0,124.83333333333333
0 days 00:17:41,122.0,126.1
0 days 00:17:42,124.0,129.86666666666667
0 days 00:17:43,116.0,130.4
0 days 00:17:44,140.0,128.3
0 days 00:17:45,132.0,119.46666666666667
0 days 00:17:46,190.0,109.26666666666667
0 days 00:17:47,230.0,102.56666666666666
0 days 00:17:48,53.0,99.9
0 days 00:17:49,53.0,100.33333333333333
0 days 00:17:50,53.0,102.9
0 days 00:17:51,43.0,105.13333333333334
0 days 00:17:52,43.0,106.43333333333334
0 days 00:17:53,44.0,105.33333333333333
0 days 00:17:54,199.0,103.0
0 days 00:17:55,158.0,101.16666666666667
0 days 00:17:56,158.0,98.5
0 days 00:17:57,105.0,94.43333333333334
0 days 00:17:58,13.0,90.3
0 days 00:17:59,8.0,86.43333333333334
0 days 00:18:00,2.0,81.76666666666667
0 days 00:18:01,144.0,77.36666666666666
0 days 00:18:02,150.0,78.36666666666666
0 days 00:18:03,72.0,86.2
0 days 00:18:04,90.0,104.13333333333334
0 days 00:18:05,139.0,119.76666666666667
0 days 00:18:06,152.0,133.8
0 days 00:18:07,111.0,144.83333333333334
0 days 00:18:08,111.0,154.6
0 days 00:18:09,0.0,164.63333333333333
0 days 00:18:10,0.0,172.9
0 days 00:18:11,0.0,181.93333333333334
0 days 00:18:12,0.0,191.83333333333334
0 days 00:18:13,0.0,203.2
0 days 00:18:14,0.0,215.73333333333332
0 days 00:18:15,0.0,224.8
0 days 00:18:16,220.0,233.83333333333334
0 days 00:18:17,465.0,238.33333333333334
0 days 00:18:18,591.0,243.26666666666668
0 days 00:18:19,522.0,249.23333333333332
0 days 00:18:20,474.0,252.86666666666667
0 days 00:18:21,374.0,255.3
0 days 00:18:22,336.0,258.1333333333333
0 days 00:18:23,345.0,261.4
0 days 00:18:24,447.0,265.06666666666666
0 days 00:18:25,429.0,274.6333333333333
0 days 00:18:26,455.0,283.43333333333334
0 days 00:18:27,446.0,291.53333333333336
0 days 00:18:28,389.0,298.1666666666667
0 days 00:18:29,280.0,304.8333333333333
0 days 00:18:30,273.0,311.46666666666664
0 days 00:18:31,279.0,317.46666666666664
0 days 00:18:32,298.0,316.53333333333336
0 days 00:18:33,251.0,306.96666666666664
0 days 00:18:34,199.0,292.9
0 days 00:18:35,212.0,284.8333333333333
0 days 00:18:36,237.0,280.23333333333335
0 days 00:18:37,209.0,278.6333333333333
0 days 00:18:38,221.0,273.8333333333333
0 days 00:18:39,287.0,268.76666666666665
0 days 00:18:40,264.0,261.96666666666664
0 days 00:18:41,243.0,254.7
0 days 00:18:42,199.0,247.53333333333333
0 days 00:18:43,200.0,240.06666666666666
0 days 00:18:44,199.0,234.0
0 days 00:18:45,180.0,231.76666666666668
0 days 00:18:46,192.0,230.06666666666666
0 days 00:18:47,178.0,229.13333333333333
0 days 00:18:48,169.0,228.9
0 days 00:18:49,280.0,230.23333333333332
0 days 00:18:50,336.0,233.46666666666667
0 days 00:18:51,326.0,236.76666666666668
0 days 00:18:52,192.0,239.83333333333334
0 days 00:18:53,193.0,244.73333333333332
0 days 00:18:54,243.0,248.9
0 days 00:18:55,211.0,249.13333333333333
0 days 00:18:56,240.0,251.26666666666668
0 days 00:18:57,222.0,253.03333333333333
0 days 00:18:58,207.0,255.03333333333333
0 days 00:18:59,213.0,257.23333333333335
0 days 00:19:00,222.0,258.3
0 days 00:19:01,251.0,261.46666666666664
0 days 00:19:02,291.0,264.3666666666667
0 days 00:19:03,291.0,266.8
0 days 00:19:04,296.0,269.93333333333334
0 days 00:19:05,311.0,267.7
0 days 00:19:06,329.0,266.3333333333333
0 days 00:19:07,356.0,264.73333333333335
0 days 00:19:08,346.0,268.06666666666666
0 days 00:19:09,294.0,271.1666666666667
0 days 00:19:10,328.0,269.6333333333333
0 days 00:19:11,296.0,272.8666666666667
0 days 00:19:12,259.0,274.1666666666667
0 days 00:19:13,266.0,276.6333333333333
0 days 00:19:14,231.0,278.56666666666666
0 days 00:19:15,275.0,280.3
0 days 00:19:16,279.0,278.3666666666667
0 days 00:19:17,251.0,275.3
0 days 00:19:18,263.0,271.1333333333333
0 days 00:19:19,213.0,266.8
0 days 00:19:20,295.0,264.3
0 days 00:19:21,278.0,259.53333333333336
0 days 00:19:22,292.0,255.76666666666668
0 days 00:19:23,286.0,250.36666666666667
0 days 00:19:24,197.0,244.96666666666667
0 days 00:19:25,308.0,241.86666666666667
0 days 00:19:26,279.0,234.23333333333332
0 days 00:19:27,296.0,227.03333333333333
0 days 00:19:28,265.0,221.06666666666666
0 days 00:19:29,265.0,213.53333333333333
0 days 00:19:30,164.0,207.86666666666667
0 days 00:19:31,159.0,204.43333333333334
0 days 00:19:32,166.0,202.7
0 days 00:19:33,161.0,200.1
0 days 00:19:34,221.0,197.1
0 days 00:19:35,168.0,190.1
0 days 00:19:36,216.0,180.36666666666667
0 days 00:19:37,194.0,171.3
0 days 00:19:38,184.0,163.36666666666667
0 days 00:19:39,201.0,162.36666666666667
0 days 00:19:40,99.0,163.8
0 days 00:19:41,80.0,160.73333333333332
0 days 00:19:42,80.0,156.53333333333333
0 days 00:19:43,40.0,150.73333333333332
0 days 00:19:44,61.0,145.96666666666667
0 days 00:19:45,172.0,139.16666666666666
0 days 00:19:46,227.0,133.7
0 days 00:19:47,173.0,128.4
0 days 00:19:48,173.0,122.86666666666666
0 days 00:19:49,3.0,117.5
0 days 00:19:50,3.0,110.13333333333334
0 days 00:19:51,6.0,104.53333333333333
0 days 00:19:52,54.0,105.33333333333333
0 days 00:19:53,256.0,112.53333333333333
0 days 00:19:54,240.0,120.1
0 days 00:19:55,216.0,124.76666666666667
0 days 00:19:56,153.0,131.56666666666666
0 days 00:19:57,122.0,139.43333333333334
0 days 00:19:58,122.0,145.7
0 days 00:19:59,61.0,151.06666666666666
0 days 00:20:00,0.0,155.13333333333333
0 days 00:20:01,0.0,155.56666666666666
0 days 00:20:02,0.0,154.36666666666667
0 days 00:20:03,0.0,155.36666666666667
0 days 00:20:04,0.0,156.4
0 days 00:20:05,0.0,162.46666666666667
0 days 00:20:06,240.0,168.1
0 days 00:20:07,410.0,172.33333333333334
0 days 00:20:08,411.0,174.93333333333334
0 days 00:20:09,341.0,170.5
0 days 00:20:10,303.0,167.76666666666668
0 days 00:20:11,316.0,164.3
0 days 00:20:12,268.0,163.56666666666666
0 days 00:20:13,201.0,164.4
0 days 00:20:14,183.0,164.96666666666667
0 days 00:20:15,185.0,167.76666666666668
0 days 00:20:16,191.0,173.66666666666666
0 days 00:20:17,203.0,179.36666666666667
0 days 00:20:18,204.0,184.66666666666666
0 days 00:20:19,185.0,190.46666666666667
0 days 00:20:20,172.0,199.56666666666666
0 days 00:20:21,133.0,207.93333333333334
0 days 00:20:22,132.0,208.2
0 days 00:20:23,123.0,202.73333333333332
0 days 00:20:24,158.0,197.86666666666667
0 days 00:20:25,112.0,194.3
0 days 00:20:26,131.0,191.03333333333333
0 days 00:20:27,147.0,186.8
0 days 00:20:28,139.0,183.5
0 days 00:20:29,145.0,182.0
0 days 00:20:30,177.0,182.56666666666666
0 days 00:20:31,171.0,183.33333333333334
0 days 00:20:32,159.0,187.76666666666668
0 days 00:20:33,174.0,193.26666666666668
0 days 00:20:34,273.0,201.3
0 days 00:20:35,251.0,207.4
0 days 00:20:36,248.0,208.0
0 days 00:20:37,246.0,208.03333333333333
0 days 00:20:38,265.0,210.56666666666666
0 days 00:20:39,234.0,220.3
0 days 00:20:40,205.0,227.23333333333332
0 days 00:20:41,189.0,239.0
0 days 00:20:42,169.0,253.6
0 days 00:20:43,156.0,268.3666666666667
0 days 00:20:44,200.0,280.8666666666667
0 days 00:20:45,208.0,292.26666666666665
0 days 00:20:46,324.0,299.3333333333333
0 days 00:20:47,368.0,306.53333333333336
0 days 00:20:48,445.0,313.26666666666665
0 days 00:20:49,368.0,317.5
0 days 00:20:50,190.0,320.76666666666665
0 days 00:20:51,134.0,325.93333333333334
0 days 00:20:52,208.0,329.0
0 days 00:20:53,415.0,332.7
0 days 00:20:54,366.0,334.6
0 days 00:20:55,465.0,335.56666666666666
0 days 00:20:56,569.0,340.6333333333333
0 days 00:20:57,590.0,344.73333333333335
0 days 00:20:58,514.0,348.8
0 days 00:20:59,487.0,353.9
0 days 00:21:00,389.0,358.1666666666667
0 days 00:21:01,387.0,363.8666666666667
0 days 00:21:02,361.0,364.23333333333335
0 days 00:21:03,301.0,362.96666666666664
0 days 00:21:04,371.0,355.9
0 days 00:21:05,406.0,347.8666666666667
0 days 00:21:06,340.0,344.6666666666667
0 days 00:21:07,357.0,343.3333333333333
0 days 00:21:08,322.0,338.53333333333336
0 days 00:21:09,263.0,327.3333333333333
0 days 00:21:10,357.0,316.4
0 days 00:21:11,312.0,304.0
0 days 00:21:12,291.0,288.76666666666665
0 days 00:21:13,309.0,271.23333333333335
0 days 00:21:14,328.0,254.43333333333334
0 days 00:21:15,379.0,239.16666666666666
0 days 00:21:16,335.0,228.53333333333333
0 days 00:21:17,330.0,216.53333333333333
0 days 00:21:18,233.0,205.4
0 days 00:21:19,127.0,196.26666666666668
0 days 00:21:20,94.0,187.16666666666666
0 days 00:21:21,94.0,179.23333333333332
0 days 00:21:22,64.0,173.56666666666666
0 days 00:21:23,79.0,166.26666666666668
0 days 00:21:24,38.0,159.4
0 days 00:21:25,93.0,154.5
0 days 00:21:26,112.0,143.13333333333333
0 days 00:21:27,64.0,133.33333333333334
0 days 00:21:28,10.0,124.36666666666666
0 days 00:21:29,29.0,117.9
0 days 00:21:30,70.0,110.8
0 days 00:21:31,27.0,107.9
0 days 00:21:32,27.0,103.2
0 days 00:21:33,27.0,97.2
0 days 00:21:34,98.0,93.43333333333334
0 days 00:21:35,168.0,93.2
0 days 00:21:36,170.0,92.73333333333333
0 days 00:21:37,138.0,89.6
0 days 00:21:38,116.0,87.46666666666667
0 days 00:21:39,116.0,84.83333333333333
0 days 00:21:40,16.0,83.56666666666666
0 days 00:21:41,18.0,80.46666666666667
0 days 00:21:42,22.0,76.73333333333333
0 days 00:21:43,115.0,74.6
0 days 00:21:44,115.0,82.9
0 days 00:21:45,292.0,98.0
0 days 00:21:46,194.0,110.23333333333333
0 days 00:21:47,150.0,122.5
0 days 00:21:48,120.0,131.33333333333334
0 days 00:21:49,120.0,137.03333333333333
0 days 00:21:50,80.0,139.63333333333333
0 days 00:21:51,0.0,138.26666666666668
0 days 00:21:52,0.0,135.4
0 days 00:21:53,0.0,135.26666666666668
0 days 00:21:54,0.0,136.56666666666666
0 days 00:21:55,0.0,136.93333333333334
0 days 00:21:56,0.0,141.66666666666666
0 days 00:21:57,0.0,148.23333333333332
0 days 00:21:58,259.0,156.16666666666666
0 days 00:21:59,482.0,160.73333333333332
0 days 00:22:00,437.0,163.9
0 days 00:22:01,395.0,161.26666666666668
0 days 00:22:02,292.0,161.36666666666667
0 days 00:22:03,198.0,162.73333333333332
0 days 00:22:04,176.0,164.0
0 days 00:22:05,127.0,165.26666666666668
0 days 00:22:06,84.0,168.7
0 days 00:22:07,134.0,176.26666666666668
0 days 00:22:08,155.0,182.66666666666666
0 days 00:22:09,127.0,188.73333333333332
0 days 00:22:10,158.0,193.86666666666667
0 days 00:22:11,215.0,200.03333333333333
0 days 00:22:12,260.0,208.1
0 days 00:22:13,252.0,215.66666666666666
0 days 00:22:14,210.0,215.2
0 days 00:22:15,213.0,203.96666666666667
0 days 00:22:16,197.0,190.73333333333332
0 days 00:22:17,191.0,178.1
0 days 00:22:18,158.0,168.9
0 days 00:22:19,158.0,162.7
0 days 00:22:20,183.0,168.46666666666667
0 days 00:22:21,227.0,180.16666666666666
0 days 00:22:22,192.0,186.76666666666668
0 days 00:22:23,182.0,189.7
0 days 00:22:24,154.0,190.53333333333333
0 days 00:22:25,185.0,192.0
0 days 00:22:26,242.0,193.1
0 days 00:22:27,227.0,193.46666666666667
0 days 00:22:28,245.0,190.8
0 days 00:22:29,145.0,187.93333333333334
0 days 00:22:30,40.0,190.6
0 days 00:22:31,16.0,195.46666666666667
0 days 00:22:32,16.0,198.56666666666666
0 days 00:22:33,12.0,204.3
0 days 00:22:34,349.0,214.36666666666667
0 days 00:22:35,478.0,222.53333333333333
0 days 00:22:36,282.0,232.66666666666666
0 days 00:22:37,222.0,241.8
0 days 00:22:38,180.0,251.6
0 days 00:22:39,171.0,259.3
0 days 00:22:40,191.0,269.56666666666666
0 days 00:22:41,226.0,275.03333333333336
0 days 00:22:42,180.0,281.6
0 days 00:22:43,166.0,287.0
0 days 00:22:44,290.0,290.7
0 days 00:22:45,359.0,296.93333333333334
0 days 00:22:46,290.0,305.8666666666667
0 days 00:22:47,363.0,313.03333333333336
0 days 00:22:48,460.0,315.9
0 days 00:22:49,403.0,316.3666666666667
0 days 00:22:50,487.0,309.53333333333336
0 days 00:22:51,501.0,299.6
0 days 00:22:52,486.0,297.6333333333333
0 days 00:22:53,413.0,294.3666666666667
0 days 00:22:54,462.0,291.2
0 days 00:22:55,349.0,289.3
0 days 00:22:56,439.0,290.4
0 days 00:22:57,389.0,288.8333333333333
0 days 00:22:58,356.0,286.53333333333336
0 days 00:22:59,332.0,285.8333333333333
0 days 00:23:00,308.0,280.46666666666664
0 days 00:23:01,231.0,272.5
0 days 00:23:02,102.0,264.3333333333333
0 days 00:23:03,26.0,252.73333333333332
0 days 00:23:04,144.0,237.4
0 days 00:23:05,180.0,223.96666666666667
0 days 00:23:06,223.0,207.73333333333332
0 days 00:23:07,124.0,191.03333333333333
0 days 00:23:08,85.0,174.83333333333334
0 days 00:23:09,114.0,161.06666666666666
0 days 00:23:10,224.0,145.66666666666666
0 days 00:23:11,179.0,134.03333333333333
0 days 00:23:12,111.0,119.4
0 days 00:23:13,145.0,106.43333333333334
0 days 00:23:14,129.0,94.56666666666666
0 days 00:23:15,120.0,88.06666666666666
0 days 00:23:16,45.0,81.5
0 days 00:23:17,15.0,76.56666666666666
0 days 00:23:18,0.0,76.26666666666667
0 days 00:23:19,0.0,78.23333333333333
0 days 00:23:20,0.0,76.26666666666667
0 days 00:23:21,0.0,70.36666666666666
0 days 00:23:22,0.0,63.266666666666666
0 days 00:23:23,0.0,59.63333333333333
0 days 00:23:24,0.0,58.53333333333333
0 days 00:23:25,0.0,59.96666666666667
0 days 00:23:26,0.0,58.766666666666666
0 days 00:23:27,0.0,59.06666666666667
0 days 00:23:28,0.0,59.06666666666667
0 days 00:23:29,137.0,57.8
0 days 00:23:30,111.0,57.13333333333333
0 days 00:23:31,83.0,56.766666666666666
0 days 00:23:32,93.0,55.266666666666666
0 days 00:23:33,85.0,54.766666666666666
0 days 00:23:34,85.0,54.766666666666666
0 days 00:23:35,3.0,54.766666666666666
0 days 00:23:36,10.0,54.766666666666666
0 days 00:23:37,15.0,54.766666666666666
0 days 00:23:38,52.0,54.766666666666666
0 days 00:23:39,157.0,54.766666666666666
0 days 00:23:40,188.0,66.76666666666667
0 days 00:23:41,188.0,80.66666666666667
0 days 00:23:42,111.0,94.2
0 days 00:23:43,107.0,109.43333333333334
0 days 00:23:44,109.0,120.6
0 days 00:23:45,109.0,124.7
0 days 00:23:46,0.0,137.93333333333334
0 days 00:23:47,0.0,151.26666666666668
0 days 00:23:48,0.0,165.03333333333333
0 days 00:23:49,0.0,179.46666666666667
0 days 00:23:50,0.0,193.73333333333332
0 days 00:23:51,0.0,209.8
0 days 00:23:52,0.0,225.6
0 days 00:23:53,0.0,239.26666666666668
0 days 00:23:54,360.0,247.8
0 days 00:23:55,417.0,253.3
0 days 00:23:56,406.0,257.56666666666666
0 days 00:23:57,457.0,260.53333333333336
0 days 00:23:58,335.0,265.56666666666666
0 days 00:23:59,260.0,269.6
0 days 00:24:00,508.0,273.56666666666666
0 days 00:24:01,483.0,276.3
0 days 00:24:02,506.0,283.1333333333333
0 days 00:24:03,518.0,291.9
0 days 00:24:04,513.0,303.6666666666667
0 days 00:24:05,485.0,315.43333333333334
0 days 00:24:06,484.0,330.4
0 days 00:24:07,425.0,343.1666666666667
0 days 00:24:08,308.0,355.23333333333335
0 days 00:24:09,322.0,364.56666666666666
0 days 00:24:10,316.0,358.46666666666664
0 days 00:24:11,277.0,348.76666666666665
0 days 00:24:12,262.0,339.1
0 days 00:24:13,228.0,330.8
0 days 00:24:14,228.0,330.8666666666667
0 days 00:24:15,191.0,336.4
0 days 00:24:16,205.0,327.4
0 days 00:24:17,263.0,318.6333333333333
0 days 00:24:18,353.0,307.56666666666666
0 days 00:24:19,353.0,294.3333333333333
0 days 00:24:20,449.0,285.3666666666667
0 days 00:24:21,383.0,275.8333333333333
0 days 00:24:22,362.0,267.73333333333335
0 days 00:24:23,280.0,261.4
0 days 00:24:24,177.0,263.3666666666667
0 days 00:24:25,126.0,268.6333333333333
0 days 00:24:26,116.0,271.8
0 days 00:24:27,208.0,275.5
0 days 00:24:28,337.0,281.03333333333336
0 days 00:24:29,426.0,286.03333333333336
0 days 00:24:30,238.0,286.76666666666665
0 days 00:24:31,220.0,291.5
0 days 00:24:32,174.0,295.76666666666665
0 days 00:24:33,121.0,299.4
0 days 00:24:34,244.0,300.4
0 days 00:24:35,199.0,300.46666666666664
0 days 00:24:36,241.0,297.56666666666666
0 days 00:24:37,235.0,296.76666666666665
0 days 00:24:38,367.0,296.96666666666664
0 days 00:24:39,480.0,300.8333333333333
0 days 00:24:40,411.0,303.93333333333334
0 days 00:24:41,388.0,307.93333333333334
0 days 00:24:42,428.0,312.23333333333335
0 days 00:24:43,378.0,315.3333333333333
0 days 00:24:44,250.0,314.2
0 days 00:24:45,333.0,310.1666666666667
0 days 00:24:46,333.0,312.3
0 days 00:24:47,372.0,314.8333333333333
0 days 00:24:48,383.0,317.1333333333333
0 days 00:24:49,355.0,320.46666666666664
0 days 00:24:50,362.0,318.03333333333336
0 days 00:24:51,359.0,316.93333333333334
0 days 00:24:52,368.0,315.2
0 days 00:24:53,396.0,316.23333333333335
0 days 00:24:54,270.0,314.53333333333336
0 days 00:24:55,246.0,305.2
0 days 00:24:56,245.0,297.06666666666666
0 days 00:24:57,301.0,289.4
0 days 00:24:58,303.0,280.76666666666665
0 days 00:24:59,305.0,272.2
0 days 00:25:00,302.0,266.8
0 days 00:25:01,296.0,258.23333333333335
0 days 00:25:02,243.0,249.66666666666666
0 days 00:25:03,221.0,238.1
0 days 00:25:04,171.0,227.16666666666666
0 days 00:25:05,166.0,220.86666666666667
0 days 00:25:06,189.0,214.86666666666667
0 days 00:25:07,266.0,206.46666666666667
0 days 00:25:08,316.0,196.13333333333333
0 days 00:25:09,200.0,183.36666666666667
0 days 00:25:10,167.0,174.73333333333332
0 days 00:25:11,158.0,166.8
0 days 00:25:12,169.0,161.3
0 days 00:25:13,121.0,160.73333333333332
0 days 00:25:14,88.0,158.53333333333333
0 days 00:25:15,76.0,154.3
0 days 00:25:16,76.0,147.53333333333333
0 days 00:25:17,25.0,140.66666666666666
0 days 00:25:18,55.0,135.9
0 days 00:25:19,166.0,131.86666666666667
0 days 00:25:20,182.0,127.26666666666667
0 days 00:25:21,107.0,121.73333333333333
0 days 00:25:22,58.0,115.43333333333334
0 days 00:25:23,13.0,106.56666666666666
0 days 00:25:24,11.0,96.03333333333333
0 days 00:25:25,8.0,89.36666666666666
0 days 00:25:26,80.0,83.8
0 days 00:25:27,284.0,90.1
0 days 00:25:28,237.0,99.76666666666667
0 days 00:25:29,178.0,109.3
0 days 00:25:30,99.0,117.3
0 days 00:25:31,90.0,125.13333333333334
0 days 00:25:32,100.0,134.4
0 days 00:25:33,100.0,144.93333333333334
0 days 00:25:34,33.0,154.4
0 days 00:25:35,0.0,159.7
0 days 00:25:36,0.0,164.06666666666666
0 days 00:25:37,0.0,170.4
0 days 00:25:38,0.0,178.83333333333334
0 days 00:25:39,0.0,188.46666666666667
0 days 00:25:40,0.0,196.8
0 days 00:25:41,347.0,204.5
0 days 00:25:42,459.0,210.13333333333333
0 days 00:25:43,407.0,210.56666666666666
0 days 00:25:44,328.0,214.4
0 days 00:25:45,311.0,224.13333333333333
0 days 00:25:46,354.0,231.66666666666666
0 days 00:25:47,341.0,238.06666666666666
0 days 00:25:48,339.0,242.0
0 days 00:25:49,325.0,246.43333333333334
0 days 00:25:50,313.0,254.1
0 days 00:25:51,297.0,263.03333333333336
0 days 00:25:52,311.0,270.6333333333333
0 days 00:25:53,302.0,279.26666666666665
0 days 00:25:54,261.0,287.6
0 days 00:25:55,239.0,295.53333333333336
0 days 00:25:56,249.0,305.8666666666667
0 days 00:25:57,297.0,303.3
0 days 00:25:58,352.0,297.0
0 days 00:25:59,470.0,292.5
0 days 00:26:00,325.0,289.3666666666667
0 days 00:26:01,282.0,287.0
0 days 00:26:02,218.0,283.26666666666665
0 days 00:26:03,233.0,286.96666666666664
0 days 00:26:04,263.0,294.8
0 days 00:26:05,268.0,304.1666666666667
0 days 00:26:06,228.0,312.8
0 days 00:26:07,259.0,324.6666666666667
0 days 00:26:08,250.0,334.43333333333334
0 days 00:26:09,238.0,341.8333333333333
0 days 00:26:10,310.0,349.76666666666665
0 days 00:26:11,270.0,356.96666666666664
0 days 00:26:12,270.0,366.1
0 days 00:26:13,272.0,375.3
0 days 00:26:14,234.0,381.46666666666664
0 days 00:26:15,240.0,383.7
0 days 00:26:16,242.0,389.76666666666665
0 days 00:26:17,452.0,398.03333333333336
0 days 00:26:18,574.0,407.3666666666667
0 days 00:26:19,606.0,414.6
0 days 00:26:20,572.0,421.4
0 days 00:26:21,653.0,430.43333333333334
0 days 00:26:22,604.0,440.5
0 days 00:26:23,524.0,446.3
0 days 00:26:24,499.0,452.8333333333333
0 days 00:26:25,455.0,459.46666666666664
0 days 00:26:26,523.0,463.7
0 days 00:26:27,573.0,461.96666666666664
0 days 00:26:28,537.0,452.96666666666664
0 days 00:26:29,537.0,443.9
0 days 00:26:30,507.0,436.1
0 days 00:26:31,530.0,428.1
0 days 00:26:32,498.0,420.03333333333336
0 days 00:26:33,450.0,404.96666666666664
0 days 00:26:34,467.0,385.8333333333333
0 days 00:26:35,539.0,365.6333333333333
0 days 00:26:36,530.0,346.56666666666666
0 days 00:26:37,433.0,324.8
0 days 00:26:38,446.0,304.6666666666667
0 days 00:26:39,437.0,287.2
0 days 00:26:40,437.0,279.8965517241379
0 days 00:26:41,218.0,273.64285714285717
0 days 00:26:42,0.0,264.4074074074074
0 days 00:26:43,0.0,252.53846153846155
0 days 00:26:44,0.0,241.16
0 days 00:26:45,0.0,228.83333333333334
0 days 00:26:46,0.0,216.7391304347826
0 days 00:26:47,0.0,202.5
0 days 00:26:48,0.0,188.42857142857142
0 days 00:26:49,0.0,175.35
0 days 00:26:50,0.0,160.0
0 days 00:26:51,0.0,138.94444444444446
0 days 00:26:52,0.0,115.94117647058823
0 days 00:26:53,0.0,96.125
